epoch,time,train_loss,train_acc,val_loss,val_acc
1,85.55862617492676,0.5632724130854887,0.7423076923076923,0.5249608397483826,0.7384615384615385
2,85.09286069869995,0.5101709874237285,0.7403846153846154,0.48962741196155546,0.7461538461538462
